Func,Gene,ExonicFunc,AAChange,Conserved,SegDup,ESP6500si_ALL,1000g2012apr_ALL,dbSNP137NonFlagged,AVSIFT,LJB_PhyloP,LJB_PhyloP_Pred,LJB_SIFT,LJB_SIFT_Pred,LJB_PolyPhen2,LJB_PolyPhen2_Pred,LJB_LRT,LJB_LRT_Pred,LJB_MutationTaster,LJB_MutationTaster_Pred,LJB_GERP++,Chr,Start,End,Ref,Obs,Otherinfo
"exonic","PDE4DIP","frameshift deletion","PDE4DIP:NM_001002811:exon2:c.1217delA:p.E406fs,PDE4DIP:NM_001002812:exon6:c.728delA:p.E243fs,PDE4DIP:NM_001198834:exon6:c.728delA:p.E243fs,PDE4DIP:NM_014644:exon6:c.728delA:p.E243fs,PDE4DIP:NM_001198832:exon9:c.926delA:p.E309fs","533;Name=lod=196",,,,,,,,,,,,,,,,,chr1,144923730,144923730,T,-,"het","chr1","144923728",".","GTT","GT","29.5",".","INDEL;DP=216;VDB=0.0156;AF1=0.5;AC1=1;DP4=92,74,29,13;MQ=48;FQ=32.5;PV4=0.12,2e-13,1.6e-10,1","GT:PL:DP:SP:GQ","0/1:67,0,255:208:9:70"
"intronic","PDE4DIP",,,,,,,,,,,,,,,,,,,,chr1,144923839,144923852,GGAAGAAACGGCAA,-,"hom","chr1","144923823",".","TAGGAAGAAACGGCAAGGAAGAAACGGCAA","TAGGAAGAAACGGCAA","214",".","INDEL;DP=218;VDB=0.0216;AF1=1;AC1=2;DP4=0,0,61,113;MQ=46;FQ=-290","GT:PL:DP:SP:GQ","1/1:255,255,0:174:0:99"
"UTR5","ARNT",,,"480;Name=lod=119",,,,,,,,,,,,,,,,,chr1,150849081,150849082,CC,-,"hom","chr1","150849071",".","ACCCCCCCCCCC","ACCCCCCCCC","58.5",".","INDEL;DP=8;VDB=0.0078;AF1=1;AC1=2;DP4=0,0,6,2;MQ=44;FQ=-58.5","GT:PL:DP:SP:GQ","1/1:99,24,0:8:0:45"
"exonic","SLC45A3","nonframeshift deletion","SLC45A3:NM_033102:exon3:c.664_699del:p.222_233del","313;Name=lod=25",,,,,,,,,,,,,,,,,chr1,205632220,205632255,CGACAGCCCTTCTGCTGGCTCGGTGGGGCCCAGCGC,-,"het","chr1","205632217",".","GGCCGACAGCCCTTCTGCTGGCTCGGTGGGGCCCAGCGC","GGC","217",".","INDEL;DP=51;VDB=0.0169;AF1=0.5;AC1=1;DP4=19,7,11,9;MQ=46;FQ=217;PV4=0.23,0.11,1,1","GT:PL:DP:SP:GQ","0/1:255,0,255:46:6:99"
"exonic","MSH6","frameshift insertion","MSH6:NM_000179:exon10:c.4071_4072insGATT:p.I1357fs","361;Name=lod=39",,,,rs3136368,,,,,,,,,,,,,chr2,48033987,48033987,-,GATT,"het","chr2","48033981",".","TTTGATT","TTTGATTGATT","217",".","INDEL;DP=42;VDB=0.0088;AF1=0.5;AC1=1;DP4=9,13,9,10;MQ=48;FQ=217;PV4=0.76,1,0.03,0.39","GT:PL:DP:SP:GQ","0/1:255,0,255:41:1:99"
"intronic","CCNL1",,,,,,,,,,,,,,,,,,,,chr3,156867784,156867784,-,AA,"het","chr3","156867776",".","GAAAAAAAA","GAAAAAAAAAA","121",".","INDEL;DP=40;VDB=0.0193;AF1=0.5;AC1=1;DP4=9,13,9,8;MQ=48;FQ=124;PV4=0.53,1,0.063,1","GT:PL:DP:SP:GQ","0/1:159,0,190:39:3:99"
"UTR3","FGFR3",,,,,,,,,,,,,,,,,,,,chr4,1809110,1809146,CTGTGTGTGTGTGTGTGCGTGTGTGTGTGTGTGTGTG,CTGTGTGTGTGTGTGCGTGTGTGTGTGTGTGTGTG,"het","chr4","1809110",".","Ctgtgtgtgtgtgtgtgcgtgtgtgtgtgtgtgtgtg","Ctgtgtgtgtgtgtgcgtgtgtgtgtgtgtgtgtg","80.5",".","INDEL;DP=111;VDB=0.0169;AF1=0.5;AC1=1;DP4=5,8,5,3;MQ=47;FQ=83.5;PV4=0.39,0.0021,1,1","GT:PL:DP:SP:GQ","0/1:118,0,255:21:4:99"
"intronic","LIFR",,,,,,,,,,,,,,,,,,,,chr5,38528980,38528980,-,CACA,"het","chr5","38528951",".","Gacacacacacacacacacacacacacaca","GACACacacacacacacacacacacacacacaca","56.5",".","INDEL;DP=82;VDB=0.0245;AF1=0.5064;AC1=1;DP4=1,2,11,17;MQ=47;FQ=-18.6;PV4=1,1,0.43,0.33","GT:PL:DP:SP:GQ","0/1:255,161,177:31:0:19"
"intronic","MLLT4",,,,,,,,,,,,,,,,,,,,chr6,168314999,168314999,G,-,"het","chr6","168314997",".","AGG","AG","217",".","INDEL;DP=56;VDB=0.0245;AF1=0.5;AC1=1;DP4=8,15,14,15;MQ=49;FQ=217;PV4=0.4,1.5e-07,1,1","GT:PL:DP:SP:GQ","0/1:255,0,255:52:4:99"
"UTR5","ETV1",,,"687;Name=lod=825",,0.538240,0.56,rs140879246,,,,,,,,,,,,,chr7,14028708,14028708,A,-,"hom","chr7","14028707",".","TA","T","214",".","INDEL;DP=28;VDB=0.0088;AF1=1;AC1=2;DP4=0,0,15,12;MQ=45;FQ=-116","GT:PL:DP:SP:GQ","1/1:255,81,0:27:0:99"
"exonic","CREB3L2","nonframeshift deletion","CREB3L2:NM_001253775:exon2:c.295_297del:p.99_99del,CREB3L2:NM_194071:exon2:c.295_297del:p.99_99del",,,,,,,,,,,,,,,,,,chr7,137612918,137612920,GGT,-,"hom","chr7","137612913",".","CTGGTGGT","CTGGT","214",".","INDEL;DP=40;VDB=0.0144;AF1=1;AC1=2;DP4=0,0,33,7;MQ=48;FQ=-155","GT:PL:DP:SP:GQ","1/1:255,120,0:40:0:99"
"intronic","PCM1",,,,,,,rs3214087,,,,,,,,,,,,,chr8,17827261,17827261,-,C,"het","chr8","17827260",".","AC","ACC","217",".","INDEL;DP=62;VDB=0.0216;AF1=0.5;AC1=1;DP4=17,19,12,14;MQ=49;FQ=217;PV4=1,1,0.49,0.31","GT:PL:DP:SP:GQ","0/1:255,0,255:62:0:99"
"exonic","RECQL4","frameshift deletion","RECQL4:NM_004260:exon14:c.2296delC:p.R766fs","483;Name=lod=123",,,,,,,,,,,,,,,,,chr8,145738769,145738769,G,-,"hom","chr8","145738767",".","CGG","CG","214",".","INDEL;DP=44;VDB=0.0216;AF1=1;AC1=2;DP4=0,0,36,7;MQ=47;FQ=-164","GT:PL:DP:SP:GQ","1/1:255,129,0:43:0:99"
"exonic","MAML2","nonframeshift deletion","MAML2:NM_032427:exon2:c.1780_1788del:p.594_596del","414;Name=lod=64",,,,,,,,,,,,,,,,,chr11,95825407,95825415,CTGCTGCTG,-,"hom","chr11","95825374",".","ttgctgctgctgctgctgctgctgctgctgctgctgctgctg","ttgctgctgctgctgctgctgctgctgctgctg","214",".","INDEL;DP=199;VDB=0.0169;AF1=1;AC1=2;DP4=0,0,54,111;MQ=46;FQ=-290","GT:PL:DP:SP:GQ","1/1:255,255,0:165:0:99"
"exonic","ZNF384","nonframeshift deletion","ZNF384:NM_001039920:exon9:c.1153_1155del:p.385_385del,ZNF384:NM_133476:exon10:c.1318_1320del:p.440_440del,ZNF384:NM_001135734:exon11:c.1501_1503del:p.501_501del","482;Name=lod=121",,,,,,,,,,,,,,,,,chr12,6777111,6777113,CTG,-,"hom","chr12","6777069",".","ttgctgctgctgctgctgctgctgctgctgctgctgctgctgctg","ttgctgctgctgctgctgctgctgctgctgctgctgctgctg","214",".","INDEL;DP=151;VDB=0.0253;AF1=1;AC1=2;DP4=0,0,50,59;MQ=48;FQ=-290","GT:PL:DP:SP:GQ","1/1:255,255,0:109:0:99"
"intronic","HNF1A",,,,,,,rs58371019,,,,,,,,,,,,,chr12,121434646,121434646,-,TCATTCAT,"hom","chr12","121434630",".","CTCATTCattcattcat","CTCATTCATTCATTCattcattcat","214",".","INDEL;DP=99;VDB=0.0259;AF1=1;AC1=2;DP4=0,0,48,40;MQ=49;FQ=-290","GT:PL:DP:SP:GQ","1/1:255,255,0:88:0:99"
"intronic","CDH11",,,,,0.104321,0.22,rs150185898,,,,,,,,,,,,,chr16,64982472,64982476,AAGAG,-,"het","chr16","64982471",".","AAAGAG","A","217",".","INDEL;DP=82;VDB=0.0193;AF1=0.5;AC1=1;DP4=23,18,27,13;MQ=49;FQ=217;PV4=0.36,9.9e-10,0.041,1","GT:PL:DP:SP:GQ","0/1:255,0,255:81:4:99"
"UTR5","MAF",,,"843;Name=lod=3571",,,,,,,,,,,,,,,,,chr16,79633829,79633831,CGC,-,"hom","chr16","79633805",".","Tgccgccgccgccgccgccgccgccgc","Tgccgccgccgccgccgccgccgc","214",".","INDEL;DP=120;VDB=0.0156;AF1=1;AC1=2;DP4=0,0,34,60;MQ=46;FQ=-290","GT:PL:DP:SP:GQ","1/1:255,255,0:94:0:99"
"splicing","CLTCL1(NM_001835:exon24:c.3602-1->G,NM_007098:exon24:c.3602-1->G)",,,"482;Name=lod=121",,,,rs11386977,,,,,,,,,,,,,chr22,19189004,19189004,-,C,"hom","chr22","19189003",".","AC","ACC","214",".","INDEL;DP=129;VDB=0.0227;AF1=1;AC1=2;DP4=0,0,52,74;MQ=48;FQ=-290","GT:PL:DP:SP:GQ","1/1:255,255,0:126:0:99"
