"number","Func","Gene","ExonicFunc","AAChange","Conserved","SegDup","ESP6500si_ALL","1000g2012apr_ALL","dbSNP137NonFlagged","AVSIFT","LJB_PhyloP","LJB_PhyloP_Pred","LJB_SIFT","LJB_SIFT_Pred","LJB_PolyPhen2","LJB_PolyPhen2_Pred","LJB_LRT","LJB_LRT_Pred","LJB_MutationTaster","LJB_MutationTaster_Pred","LJB_GERP++","Chr","Start","End","Ref","Obs","Otherinfo"
"RS0130010.indel.csv","UTR5","ETV1","","","687;Name=lod=825","","0.538240","0.56","rs140879246","","","","","","","","","","","","","chr7","14028708","14028708","A","-","het","chr7","14028707",".","TA","T","110",".","INDEL;DP=30;VDB=0.0120;AF1=0.5;AC1=1;DP4=10,9,2,7;MQ=46;FQ=113;PV4=0.22,6.6e-05,0.13,1","GT:PL:DP:SP:GQ","0/1:148,0,255:28:7:99"
"RS0130010.indel.csv","intronic","PRKAR1A","","","671;Name=lod=712","","","","","","","","","","","","","","","","","chr17","66519861","66519861","-","T","het","chr17","66519857",".","CTTTT","CTTTTT","40.5",".","INDEL;DP=24;VDB=0.0109;AF1=0.5;AC1=1;DP4=10,7,4,3;MQ=49;FQ=43.5;PV4=1,1,1,0.067","GT:PL:DP:SP:GQ","0/1:78,0,176:24:0:81"
"RS0130010.indel.csv","intronic","BCR","","","","","","","","","","","","","","","","","","","","chr22","23631820","23631820","-","C","het","chr22","23631813",".","GCCCCCCC","GCCCCCCCC","31.5",".","INDEL;DP=120;VDB=0.0245;AF1=0.5;AC1=1;DP4=28,31,24,29;MQ=46;FQ=33.5;PV4=0.85,1,1.1e-05,1","GT:PL:DP:SP:GQ","0/1:69,0,75:112:1:71"
"RS0130010.snp.csv","exonic","RBM15","synonymous SNV","RBM15:NM_001201545:exon1:c.A417G:p.E139E,RBM15:NM_022768:exon1:c.A417G:p.E139E","584;Name=lod=316","","0.791817","0.80","rs814771","","","","","","","","","","","","","chr1","110882444","110882444","A","G","het","chr1","110882444",".","A","G","99",".","DP=16;VDB=0.0193;AF1=0.5;AC1=1;DP4=4,3,3,6;MQ=46;FQ=102;PV4=0.61,4.5e-05,0.024,1","GT:PL:DP:SP:GQ","0/1:129,0,156:16:2:99"
"RS0130010.snp.csv","exonic","EXT2","synonymous SNV","EXT2:NM_000401:exon2:c.C127A:p.R43R,EXT2:NM_001178083:exon2:c.C28A:p.R10R,EXT2:NM_207122:exon2:c.C28A:p.R10R","630;Name=lod=485","","0.005843","0.09","rs4755228","","","","","","","","","","","","","chr11","44129290","44129290","C","A","hom","chr11","44129290",".","C","A","109",".","DP=14;VDB=0.0205;AF1=1;AC1=2;DP4=0,0,14,0;MQ=47;FQ=-69","GT:PL:DP:SP:GQ","1/1:142,42,0:14:0:81"
"RS0130010.snp.csv","intronic","HMGA2","","","","","","0.35","rs10878345","","","","","","","","","","","","","chr12","66308644","66308644","A","G","het","chr12","66308644",".","A","G","31",".","DP=6;VDB=0.0048;AF1=0.5;AC1=1;DP4=2,0,4,0;MQ=47;FQ=16.1;PV4=1,0.052,1,1","GT:PL:DP:SP:GQ","0/1:61,0,43:6:0:46"
"RS0130010.snp.csv","intronic","RB1","","","","","0.195475","0.19","rs77317605","","","","","","","","","","","","","chr13","49051481","49051481","T","A","het","chr13","49051481",".","T","A","3.01",".","DP=21;VDB=0.0021;AF1=0.4997;AC1=1;DP4=4,4,2,2;MQ=46;FQ=4.77;PV4=1,7.2e-08,1,0.0012","GT:PL:DP:SP:GQ","0/1:30,0,187:12:0:28"
"RS0130010.snp.csv","exonic","CASC5","nonsynonymous SNV","CASC5:NM_144508:exon15:c.C5830A:p.L1944M,CASC5:NM_170589:exon16:c.C5908A:p.L1970M","521;Name=lod=175","","","","","0.12","0.977093","C","0.93","T","0.417","P","0.999276","N","0.001483","N","4.31","chr15","40937226","40937226","C","A","het","chr15","40937226",".","C","A","4.13",".","DP=15;VDB=0.0102;AF1=0.4998;AC1=1;DP4=9,4,1,1;MQ=49;FQ=6.2;PV4=1,1,9.5e-06,1","GT:PL:DP:SP:GQ","0/1:32,0,251:15:0:31"
"RS0130010.snp.csv","exonic","IL21R","nonsynonymous SNV","IL21R:NM_021798:exon9:c.C954A:p.S318R,IL21R:NM_181078:exon9:c.C954A:p.S318R,IL21R:NM_181079:exon10:c.C1020A:p.S340R","","","","","","0.02","0.244889","N","0.93","T","0.877","D","0.003655","N","0.015272","N","-0.494","chr16","27459941","27459941","C","A","het","chr16","27459941",".","C","A","12.3",".","DP=10;VDB=0.0067;AF1=0.5;AC1=1;DP4=6,2,1,1;MQ=48;FQ=15.1;PV4=1,0.12,0.032,1","GT:PL:DP:SP:GQ","0/1:42,0,191:10:0:44"
"RS0130010.snp.csv","exonic","TP53","nonsynonymous SNV","TP53:NM_001126115:exon4:c.G422A:p.R141H,TP53:NM_001126116:exon4:c.G422A:p.R141H,TP53:NM_001126117:exon4:c.G422A:p.R141H,TP53:NM_001126118:exon7:c.G701A:p.R234H,TP53:NM_000546:exon8:c.G818A:p.R273H,TP53:NM_001126112:exon8:c.G818A:p.R273H,TP53:NM_001126113:exon8:c.G818A:p.R273H,TP53:NM_001126114:exon8:c.G818A:p.R273H","259;Name=lod=15","","","0.0005","","0.01","0.998682","C","0.99","D","0.415","P","1.0","D","0.999999","D","4.57","chr17","7577120","7577120","C","T","het","chr17","7577120",".","C","T","191",".","DP=89;VDB=0.0261;AF1=0.5;AC1=1;DP4=30,32,10,11;MQ=46;FQ=194;PV4=1,1,0.36,0.35","GT:PL:DP:SP:GQ","0/1:221,0,255:83:0:99"
"RS0130010.snp.csv","exonic","PER1","nonsynonymous SNV","PER1:NM_002616:exon19:c.G2884C:p.A962P","","","0.859197","0.77","rs2585405","0.38","0.947159","N","0.62","T","0.0","B","0.95896","N","2.6E-5","N","1.77","chr17","8046772","8046772","C","G","het","chr17","8046772",".","C","G","86",".","DP=22;VDB=0.0088;AF1=0.5;AC1=1;DP4=4,3,8,6;MQ=45;FQ=89;PV4=1,8.7e-10,0.4,1","GT:PL:DP:SP:GQ","0/1:116,0,142:21:0:99"
"RS0130010.snp.csv","intronic","MALT1","","","251;Name=lod=14","","","","","","","","","","","","","","","","","chr18","56383157","56383157","C","G","het","chr18","56383157",".","C","G","4.77",".","DP=13;VDB=0.0041;AF1=0.4999;AC1=1;DP4=3,4,1,1;MQ=47;FQ=6.99;PV4=1,0.22,1,0.091","GT:PL:DP:SP:GQ","0/1:33,0,175:9:0:33"
"RS0130010.snp.csv","exonic","PATZ1","nonsynonymous SNV","PATZ1:NM_032050:exon4:c.A1917C:p.E639D,PATZ1:NM_014323:exon5:c.A2055C:p.E685D","570;Name=lod=276","","0.023143","0.14","rs2240424","0","0.777684","N","1.0","D","0.843","P","0.999995","D","0.8884","P","0.979","chr22","31722886","31722886","T","G","het","chr22","31722886",".","T","G","57.4",".","DP=9;VDB=0.0259;AF1=0.5554;AC1=1;DP4=1,0,7,0;MQ=45;FQ=-20;PV4=1,0.059,1,1","GT:PL:DP:SP:GQ","0/1:87,0,7:8:0:10"
"RS0130010.snp.csv","intronic","MKL1","","","","","0.063894","0.12","rs2072857","","","","","","","","","","","","","chr22","40816841","40816841","G","A","het","chr22","40816841",".","G","A","43.1",".","DP=6;VDB=0.0181;AF1=0.5163;AC1=1;DP4=1,0,5,0;MQ=38;FQ=-15.1;PV4=1,0.033,0.1,1","GT:PL:DP:SP:GQ","0/1:73,0,12:6:0:15"
"RS0130010.snp.csv","splicing","WAS(NM_000377:exon5:c.505+1G>T)","","","317;Name=lod=26","","","","","","","","","","","","","","","","","chrX","48544377","48544377","G","T","het","chrX","48544377",".","G","T","3.54",".","DP=103;VDB=0.0269;AF1=0.4998;AC1=1;DP4=38,39,11,11;MQ=46;FQ=5.47;PV4=1,3e-32,0.48,0.39","GT:PL:DP:SP:GQ","0/1:31,0,255:99:0:30"
"RS013001.snp.csv","exonic","HOXA9","synonymous SNV","HOXA9:NM_152739:exon1:c.G345T:p.T115T","664;Name=lod=668","","0.051024","0.08","rs35355140","","","","","","","","","","","","","chr7","27204732","27204732","C","A","het","chr7","27204732",".","C","A","39.5",".","DP=4;VDB=0.0099;AF1=0.8294;AC1=1;DP4=0,1,1,2;MQ=46;FQ=-26;PV4=1,1,0.055,1","GT:PL:DP:SP:GQ","0/1:68,0,1:4:0:4"
"RS013001.snp.csv","exonic","NUP98","stopgain SNV","NUP98:NM_005387:exon18:c.G2392T:p.E798X,NUP98:NM_016320:exon18:c.G2341T:p.E781X,NUP98:NM_139131:exon18:c.G2341T:p.E781X,NUP98:NM_139132:exon18:c.G2341T:p.E781X","654;Name=lod=606","","","","","0","0.998561","C","0.903753","NA","0.735323","NA","1.0","D","1.0","A","5.02","chr11","3740700","3740700","C","A","het","chr11","3740700",".","C","A","6.98",".","DP=8;VDB=0.0110;AF1=0.4999;AC1=1;DP4=3,3,1,1;MQ=48;FQ=9.53;PV4=1,0.11,1,0.081","GT:PL:DP:SP:GQ","0/1:36,0,160:8:0:37"
"RS013001.snp.csv","intronic","ETV4","","","","","0.236695","0.26","rs2271959","","","","","","","","","","","","","chr17","41622740","41622740","G","T","het","chr17","41622740",".","G","T","4.13",".","DP=6;VDB=0.0075;AF1=0.4998;AC1=1;DP4=1,3,1,1;MQ=48;FQ=6.2;PV4=1,0.0016,0.23,1","GT:PL:DP:SP:GQ","0/1:32,0,111:6:0:31"
"RS013001.snp.csv","exonic","JAK3","stopgain SNV","JAK3:NM_000215:exon23:c.G3205T:p.E1069X","374;Name=lod=44","","","","","0.13","0.920206","N","0.855026","NA","0.617209","NA","0.983162","N","0.655017","NA","1.86","chr19","17940919","17940919","C","A","het","chr19","17940919",".","C","A","10.4",".","DP=5;VDB=0.0021;AF1=0.5;AC1=1;DP4=2,1,1,1;MQ=48;FQ=13.2;PV4=1,0.22,0.14,1","GT:PL:DP:SP:GQ","0/1:40,0,79:5:0:42"
"RS013001.snp.csv","exonic","RUNX1","nonsynonymous SNV","RUNX1:NM_001001890:exon6:c.T1277A:p.V426E,RUNX1:NM_001754:exon9:c.T1358A:p.V453E","648;Name=lod=574","","","","","0","0.962332","C","0.99","D","0.889","D","0.999999","D","0.999092","D","4.05","chr21","36164517","36164517","A","T","het","chr21","36164517",".","A","T","3.54",".","DP=7;VDB=0.0088;AF1=0.4998;AC1=1;DP4=4,0,1,1;MQ=47;FQ=5.47;PV4=0.33,0.0013,1,1","GT:PL:DP:SP:GQ","0/1:31,0,99:6:0:30"
"RS013002.snp.csv","exonic","PAX8","nonsynonymous SNV","PAX8:NM_003466:exon9:c.T995A:p.L332Q,PAX8:NM_013952:exon9:c.T916A:p.C306S","746;Name=lod=1441","","","","","0","","","","","","","","","","","","chr2","113993063","113993063","A","T","het","chr2","113993063",".","A","T","170",".","DP=37;VDB=0.0109;AF1=0.5;AC1=1;DP4=12,12,6,6;MQ=45;FQ=173;PV4=1,0.24,0.00071,1","GT:PL:DP:SP:GQ","0/1:200,0,255:36:0:99"
"RS013002.snp.csv","exonic","HOXC13","nonsynonymous SNV","HOXC13:NM_017410:exon1:c.C71A:p.A24E","729;Name=lod=1220","","","","","0.37","0.962934","C","0.7","T","0.0","B","0.987095","N","0.003025","N","2.27","chr12","54332761","54332761","C","A","het","chr12","54332761",".","C","A","4.77",".","DP=11;VDB=0.0132;AF1=0.4999;AC1=1;DP4=4,5,1,1;MQ=44;FQ=6.99;PV4=1,1,0.0017,1","GT:PL:DP:SP:GQ","0/1:33,0,204:11:0:33"
"RS013004.snp.csv","exonic","TFG","synonymous SNV","TFG:NM_001007565:exon8:c.T846C:p.P282P,TFG:NM_001195478:exon8:c.T846C:p.P282P,TFG:NM_001195479:exon8:c.T834C:p.P278P,TFG:NM_006070:exon8:c.T846C:p.P282P","598;Name=lod=359","","0.655082","0.66","rs11353","","","","","","","","","","","","","chr3","100467018","100467018","T","C","het","chr3","100467018",".","T","C","53",".","DP=33;VDB=0.0193;AF1=0.5;AC1=1;DP4=13,0,19,0;MQ=49;FQ=56;PV4=1,1.2e-09,1,1","GT:PL:DP:SP:GQ","0/1:83,0,142:32:0:86"
"RS013004.snp.csv","intronic","CCNL1","","","","","0.195371","0.27","rs41272613","","","","","","","","","","","","","chr3","156870816","156870816","A","G","het","chr3","156870816",".","A","G","115",".","DP=12;VDB=0.0245;AF1=0.5;AC1=1;DP4=3,2,5,1;MQ=47;FQ=86;PV4=0.55,1,0.00096,0.093","GT:PL:DP:SP:GQ","0/1:145,0,113:11:3:99"
"RS013004.snp.csv","exonic","MECOM","nonsynonymous SNV","MECOM:NM_001105078:exon4:c.A197T:p.N66I,MECOM:NM_001163999:exon4:c.A197T:p.N66I,MECOM:NM_001164000:exon4:c.A197T:p.N66I,MECOM:NM_001205194:exon4:c.A197T:p.N66I,MECOM:NM_005241:exon4:c.A197T:p.N66I,MECOM:NM_001105077:exon5:c.A389T:p.N130I,MECOM:NM_004991:exon5:c.A761T:p.N254I","","","","","","0.06","0.154871","N","0.79","T","0.025","B","0.846606","N","0.193425","N","-3.88","chr3","168845701","168845701","T","A","het","chr3","168845701",".","T","A","19.1",".","DP=173;VDB=0.0181;AF1=0.5;AC1=1;DP4=83,38,35,16;MQ=49;FQ=22;PV4=1,3.4e-40,0.028,0.37","GT:PL:DP:SP:GQ","0/1:49,0,255:172:0:52"
"RS013004.snp.csv","exonic","PTPN11","nonsynonymous SNV","PTPN11:NM_002834:exon13:c.G1530C:p.Q510H","507;Name=lod=154","","","","","0","0.876982","N","1.0","D","0.981","D","1.0","D","0.999992","D","1.69","chr12","112926910","112926910","G","C","het","chr12","112926910",".","G","C","219",".","DP=147;VDB=0.0267;AF1=0.5;AC1=1;DP4=53,44,23,17;MQ=47;FQ=221;PV4=0.85,0.3,3.9e-05,1","GT:PL:DP:SP:GQ","0/1:249,0,255:137:1:99"
"RS013004.snp.csv","exonic","TSC2","synonymous SNV","TSC2:NM_001077183:exon29:c.C3309A:p.S1103S,TSC2:NM_000548:exon30:c.C3441A:p.S1147S,TSC2:NM_001114382:exon30:c.C3441A:p.S1147S","","","","","","","","","","","","","","","","","","chr16","2130209","2130209","C","A","het","chr16","2130209",".","C","A","4.77",".","DP=5;VDB=0.0104;AF1=0.4999;AC1=1;DP4=3,0,1,1;MQ=49;FQ=6.98;PV4=0.4,0.056,0.2,0.14","GT:PL:DP:SP:GQ","0/1:33,0,80:5:0:33"
"RS013004.snp.csv","exonic","CBFA2T3","synonymous SNV","CBFA2T3:NM_175931:exon3:c.G297A:p.Q99Q,CBFA2T3:NM_005187:exon4:c.G555A:p.Q185Q","541;Name=lod=211","","","","","","","","","","","","","","","","","chr16","88958718","88958718","C","T","het","chr16","88958718",".","C","T","3.54",".","DP=8;VDB=0.0106;AF1=0.4998;AC1=1;DP4=4,2,1,1;MQ=47;FQ=5.47;PV4=1,0.058,0.27,1","GT:PL:DP:SP:GQ","0/1:31,0,150:8:0:30"
"RS013004.snp.csv","UTR3","FANCA,ZNF276","","","","","0.000077","","","","","","","","","","","","","","","chr16","89805008","89805008","G","A","het","chr16","89805008",".","G","A","6.98",".","DP=7;VDB=0.0103;AF1=0.4999;AC1=1;DP4=1,3,1,1;MQ=44;FQ=9.53;PV4=1,0.045,0.22,1","GT:PL:DP:SP:GQ","0/1:36,0,103:6:0:37"
"RS013004.snp.csv","exonic","FLCN","nonsynonymous SNV","FLCN:NM_144997:exon13:c.G1536T:p.M512I","551;Name=lod=232","","","","","0","0.999052","C","0.958844","NA","0.999","D","1.0","D","0.999803","D","5.41","chr17","17118301","17118301","C","A","het","chr17","17118301",".","C","A","8.64",".","DP=7;VDB=0.0042;AF1=0.5;AC1=1;DP4=5,0,1,1;MQ=48;FQ=11.3;PV4=0.29,0.00054,0.022,0.45","GT:PL:DP:SP:GQ","0/1:38,0,115:7:0:40"
"RS013004.snp.csv","exonic","FLCN","nonsynonymous SNV","FLCN:NM_144606:exon5:c.G268T:p.A90S,FLCN:NM_144997:exon5:c.G268T:p.A90S","506;Name=lod=152","","0.000615","","rs141140415","0.43","0.998639","C","0.42","T","0.0","B","0.999989","D","0.22306","N","5.07","chr17","17129618","17129618","C","A","het","chr17","17129618",".","C","A","47",".","DP=33;VDB=0.0244;AF1=0.5;AC1=1;DP4=6,17,3,5;MQ=49;FQ=50;PV4=0.66,1.1e-07,1,0.095","GT:PL:DP:SP:GQ","0/1:77,0,255:31:2:80"
"RS013004.snp.csv","exonic","CIC","nonsynonymous SNV","CIC:NM_015125:exon13:c.C3041A:p.A1014E","483;Name=lod=122","","","","","","0.998958","C","0.83","T","0.0","B","0.836196","NA","0.001203","N","3.49","chr19","42796484","42796484","C","A","het","chr19","42796484",".","C","A","4.77",".","DP=14;VDB=0.0119;AF1=0.4999;AC1=1;DP4=2,10,1,1;MQ=45;FQ=6.99;PV4=0.4,1,0.36,1","GT:PL:DP:SP:GQ","0/1:33,0,202:14:4:33"
"RS013004.snp.csv","exonic","RUNX1","nonsynonymous SNV","RUNX1:NM_001001890:exon1:c.C167T:p.A56V,RUNX1:NM_001122607:exon1:c.C167T:p.A56V,RUNX1:NM_001754:exon4:c.C248T:p.A83V","767;Name=lod=1751","","","","","0","0.987207","C","1.0","D","0.0090","B","0.99995","D","0.980497","D","1.94","chr21","36259243","36259243","G","A","het","chr21","36259243",".","G","A","3.01",".","DP=9;VDB=0.0097;AF1=0.4997;AC1=1;DP4=5,0,1,1;MQ=46;FQ=4.77;PV4=0.29,0.0022,0.097,1","GT:PL:DP:SP:GQ","0/1:30,0,107:7:0:28"
"RS013005.indel.csv","intronic","FH","","","","","","","","","","","","","","","","","","","","chr1","241663905","241663905","-","TGAG","het","chr1","241663893",".","TTgagtgagtgag","TTGAGTgagtgagtgag","190",".","INDEL;DP=69;VDB=0.0227;AF1=0.5;AC1=1;DP4=19,24,3,10;MQ=48;FQ=193;PV4=0.21,1,1,0.42","GT:PL:DP:SP:GQ","0/1:228,0,255:56:7:99"
"RS013005.indel.csv","intronic","COL1A1","","","","","","","","","","","","","","","","","","","","chr17","48266176","48266177","GA","-","het","chr17","48266160",".","CAGAGAGAGAGAGAGAGA","CAGAGAGAGAGAGAGA","24.5",".","INDEL;DP=29;VDB=0.0156;AF1=0.5;AC1=1;DP4=23,1,4,0;MQ=48;FQ=27.5;PV4=1,0.0002,0.29,1","GT:PL:DP:SP:GQ","0/1:62,0,255:28:0:65"
"RS013005.snp.csv","exonic","RANBP17","nonsynonymous SNV","RANBP17:NM_022897:exon6:c.G529A:p.A177T","620;Name=lod=441","","0.000231","0.02","rs80184931","0.02","0.999656","C","0.94","T","0.98","D","0.999996","D","0.299998","N","5.31","chr5","170336704","170336704","G","A","het","chr5","170336704",".","G","A","124",".","DP=18;VDB=0.0181;AF1=0.5;AC1=1;DP4=5,2,5,6;MQ=49;FQ=117;PV4=0.37,0.0016,0.19,1","GT:PL:DP:SP:GQ","0/1:154,0,144:18:4:99"
"RS013005.snp.csv","exonic","HMGA1","nonsynonymous SNV","HMGA1:NM_145901:exon5:c.T295A:p.S99T,HMGA1:NM_145902:exon5:c.T262A:p.S88T,HMGA1:NM_145903:exon5:c.T262A:p.S88T,HMGA1:NM_145905:exon5:c.T262A:p.S88T,HMGA1:NM_002131:exon6:c.T262A:p.S88T,HMGA1:NM_145899:exon6:c.T295A:p.S99T","474;Name=lod=113","0.97","","","","0.04","0.992756","C","1.0","D","0.022","B","0.830529","NA","0.011817","N","3.43","chr6","34212632","34212632","T","A","het","chr6","34212632",".","T","A","5.46",".","DP=9;VDB=0.0108;AF1=0.4999;AC1=1;DP4=4,1,1,1;MQ=46;FQ=7.8;PV4=1,0.073,0.13,1","GT:PL:DP:SP:GQ","0/1:34,0,128:7:0:34"
"RS013005.snp.csv","UTR3","HMGA1","","","","0.97","","0.97","rs2780219","1","","","","","","","","","","","","chr6","34212743","34212743","A","G","hom","chr6","34212743",".","A","G","40",".","DP=6;VDB=0.0029;AF1=1;AC1=2;DP4=0,0,2,1;MQ=44;FQ=-36","GT:PL:DP:SP:GQ","1/1:72,9,0:3:0:16"
"RS013005.snp.csv","exonic","HOXA11","synonymous SNV","HOXA11:NM_005523:exon1:c.C702A:p.G234G","738;Name=lod=1326","","","","","","","","","","","","","","","","","chr7","27224062","27224062","G","T","het","chr7","27224062",".","G","T","28",".","DP=5;VDB=0.0072;AF1=0.5;AC1=1;DP4=1,1,1,1;MQ=44;FQ=28.9;PV4=1,0.32,1,0.21","GT:PL:DP:SP:GQ","0/1:58,0,60:4:0:59"
"RS013005.snp.csv","exonic","PAX5","nonsynonymous SNV","PAX5:NM_016734:exon6:c.G696T:p.Q232H","519;Name=lod=171","","","","","0.04","0.978124","C","0.83","T","0.968","D","1.0","D","0.999678","D","3.93","chr9","36966630","36966630","C","A","het","chr9","36966630",".","C","A","16.1",".","DP=9;VDB=0.0132;AF1=0.5;AC1=1;DP4=4,3,1,1;MQ=47;FQ=19.1;PV4=1,1,2.5e-07,1","GT:PL:DP:SP:GQ","0/1:46,0,184:9:0:49"
"RS013005.snp.csv","exonic","CCDC6","synonymous SNV","CCDC6:NM_005436:exon1:c.G297T:p.V99V","736;Name=lod=1311","","0.350223","0.40","rs1171830","","","","","","","","","","","","","chr10","61665886","61665886","C","A","het","chr10","61665886",".","C","A","117",".","DP=21;VDB=0.0098;AF1=0.5;AC1=1;DP4=6,2,5,6;MQ=47;FQ=101;PV4=0.35,0.1,1,0.46","GT:PL:DP:SP:GQ","0/1:147,0,128:19:5:99"
"RS013005.snp.csv","exonic","FLI1","synonymous SNV","FLI1:NM_001271012:exon4:c.T87C:p.Y29Y,FLI1:NM_002017:exon6:c.T666C:p.Y222Y,FLI1:NM_001167681:exon7:c.T567C:p.Y189Y,FLI1:NM_001271010:exon7:c.T468C:p.Y156Y","574;Name=lod=288","","","","","","","","","","","","","","","","","chr11","128675271","128675271","T","C","het","chr11","128675271",".","T","C","153",".","DP=96;VDB=0.0132;AF1=0.5;AC1=1;DP4=42,27,21,5;MQ=48;FQ=156;PV4=0.089,0.4,0.00074,1","GT:PL:DP:SP:GQ","0/1:183,0,255:95:10:99"
"RS013005.snp.csv","exonic","BLM","synonymous SNV","BLM:NM_000057:exon7:c.C1771A:p.R591R","","","","","","","","","","","","","","","","","","chr15","91304374","91304374","C","A","het","chr15","91304374",".","C","A","12.3",".","DP=9;VDB=0.0105;AF1=0.5;AC1=1;DP4=4,2,1,1;MQ=49;FQ=15.1;PV4=1,0.44,0.0067,0.36","GT:PL:DP:SP:GQ","0/1:42,0,144:8:0:44"
"RS013005.snp.csv","exonic","TP53","nonsynonymous SNV","TP53:NM_001126115:exon3:c.T368C:p.I123T,TP53:NM_001126116:exon3:c.T368C:p.I123T,TP53:NM_001126117:exon3:c.T368C:p.I123T,TP53:NM_001126118:exon6:c.T647C:p.I216T,TP53:NM_000546:exon7:c.T764C:p.I255T,TP53:NM_001126112:exon7:c.T764C:p.I255T,TP53:NM_001126113:exon7:c.T764C:p.I255T,TP53:NM_001126114:exon7:c.T764C:p.I255T","520;Name=lod=173","","","","","0","0.998524","C","1.0","D","0.998","D","0.999998","D","0.999973","D","4.04","chr17","7577517","7577517","A","G","het","chr17","7577517",".","A","G","102",".","DP=69;VDB=0.0259;AF1=0.5;AC1=1;DP4=25,21,13,7;MQ=48;FQ=105;PV4=0.59,1.2e-09,0.47,1","GT:PL:DP:SP:GQ","0/1:132,0,255:66:2:99"
"RS013005.snp.csv","exonic","TP53","nonsynonymous SNV","TP53:NM_001126118:exon3:c.C98G:p.P33R,TP53:NM_000546:exon4:c.C215G:p.P72R,TP53:NM_001126112:exon4:c.C215G:p.P72R,TP53:NM_001126113:exon4:c.C215G:p.P72R,TP53:NM_001126114:exon4:c.C215G:p.P72R","","","0.630037","0.60","rs1042522","0.26","0.991129","C","0.55","T","0.044","B","0.185427","U","0.038498","P","1.82","chr17","7579472","7579472","G","C","het","chr17","7579472",".","G","C","18.1",".","DP=7;VDB=0.0128;AF1=0.5;AC1=1;DP4=2,2,1,2;MQ=49;FQ=21;PV4=1,0.056,0.12,1","GT:PL:DP:SP:GQ","0/1:48,0,90:7:0:51"
"RS013005.snp.csv","exonic","MLLT6","nonsynonymous SNV","MLLT6:NM_005937:exon1:c.T98C:p.V33A","676;Name=lod=748","","","1.00","rs17855918","1","0.815936","N","0.0","T","0.0","NA","0.999999","N","0.0","N","2.02","chr17","36861983","36861983","T","C","hom","chr17","36861983",".","T","C","89.1",".","DP=6;VDB=0.0069;AF1=1;AC1=2;DP4=0,0,3,3;MQ=48;FQ=-45","GT:PL:DP:SP:GQ","1/1:122,18,0:6:0:33"
"RS013005.snp.csv","intronic","ETV4","","","","","0.236695","0.26","rs2271959","","","","","","","","","","","","","chr17","41622740","41622740","G","T","het","chr17","41622740",".","G","T","112",".","DP=13;VDB=0.0061;AF1=0.5;AC1=1;DP4=3,4,2,4;MQ=42;FQ=110;PV4=1,1,1,1","GT:PL:DP:SP:GQ","0/1:142,0,138:13:0:99"
"RS013005.snp.csv","UTR5","SEPT6","","","","","","0.59","rs17261138","","","","","","","","","","","","","chrX","118827317","118827317","A","C","hom","chrX","118827317",".","A","C","89.1",".","DP=7;VDB=0.0269;AF1=1;AC1=2;DP4=0,0,3,4;MQ=47;FQ=-48","GT:PL:DP:SP:GQ","1/1:122,21,0:7:0:39"
"RS013006.indel.csv","intronic","APC","","","","","","","","","","","","","","","","","","","","chr5","112119480","112119481","AA","-","hom","chr5","112119462",".","caaaaaaaaaaaaaaaaaaa","caaaaaaaaaaaaaaaaa,caaaaaaaaaaaaa,caaaaaaaaaaaaaaa","3.26",".","INDEL;DP=20;VDB=0.0259;AF1=1;AC1=2;DP4=0,0,8,4;MQ=45;FQ=-58.5","GT:PL:DP:SP:GQ","1/1:73,56,32,33,0,27,55,22,7,49:12:0:21"
"RS013006.indel.csv","intronic","ELN","","","","","","","","","","","","","","","","","","","","chr7","73467649","73467657","GCTGTGTGT","GGTGT","het","chr7","73467649",".","GCtgtgtgt","Ggtgt","217",".","INDEL;DP=115;VDB=0.0227;AF1=0.5;AC1=1;DP4=19,35,7,33;MQ=46;FQ=217;PV4=0.066,1,1,1","GT:PL:DP:SP:GQ","0/1:255,0,255:94:12:99"
"RS013006.snp.csv","ncRNA_intronic","LOC440600","","","","","","","","","","","","","","","","","","","","chr1","110876523","110876523","G","A","het","chr1","110876523",".","G","A","20",".","DP=8;VDB=0.0067;AF1=0.5;AC1=1;DP4=3,3,1,1;MQ=47;FQ=23;PV4=1,1,5.9e-09,1","GT:PL:DP:SP:GQ","0/1:50,0,170:8:0:53"
"RS013006.snp.csv","exonic","FEV","synonymous SNV","FEV:NM_017521:exon3:c.G396T:p.A132A","770;Name=lod=1789","","","","","","","","","","","","","","","","","chr2","219846710","219846710","C","A","het","chr2","219846710",".","C","A","20",".","DP=5;VDB=0.0067;AF1=0.5;AC1=1;DP4=3,0,1,1;MQ=41;FQ=23;PV4=0.4,0.092,0.084,0.055","GT:PL:DP:SP:GQ","0/1:50,0,79:5:0:53"
"RS013006.snp.csv","exonic","MECOM","nonsynonymous SNV","MECOM:NM_001105078:exon7:c.A725G:p.K242R,MECOM:NM_001163999:exon7:c.A728G:p.K243R,MECOM:NM_001164000:exon7:c.A725G:p.K242R,MECOM:NM_001205194:exon7:c.A725G:p.K242R,MECOM:NM_005241:exon7:c.A725G:p.K242R,MECOM:NM_001105077:exon8:c.A920G:p.K307R,MECOM:NM_004991:exon8:c.A1289G:p.K430R","875;Name=lod=4798","","","","","0.12","0.999174","C","0.81","T","0.99","D","0.999086","N","0.71207","D","5.53","chr3","168834371","168834371","T","C","het","chr3","168834371",".","T","C","77",".","DP=60;VDB=0.0259;AF1=0.5;AC1=1;DP4=21,16,13,7;MQ=47;FQ=80;PV4=0.58,1.2e-18,1,0.068","GT:PL:DP:SP:GQ","0/1:107,0,255:57:2:99"
"RS013006.snp.csv","exonic","NR4A3","synonymous SNV","NR4A3:NM_006981:exon3:c.C915T:p.G305G,NR4A3:NM_173199:exon3:c.C915T:p.G305G,NR4A3:NM_173200:exon4:c.C948T:p.G316G","","","","","","","","","","","","","","","","","","chr9","102591239","102591239","C","T","het","chr9","102591239",".","C","T","4.13",".","DP=9;VDB=0.0122;AF1=0.4998;AC1=1;DP4=5,2,1,1;MQ=46;FQ=6.2;PV4=1,0.053,1,1","GT:PL:DP:SP:GQ","0/1:32,0,170:9:0:31"
"RS013006.snp.csv","exonic","MLLT1","nonsynonymous SNV","MLLT1:NM_005934:exon6:c.G1004T:p.S335I","419;Name=lod=67","","","","","0.13","0.956351","C","0.88","T","0.490677","NA","0.995195","N","0.008433","N","1.89","chr19","6222238","6222238","C","A","het","chr19","6222238",".","C","A","3.01",".","DP=10;VDB=0.0044;AF1=0.4997;AC1=1;DP4=6,2,1,1;MQ=47;FQ=4.77;PV4=1,0.27,1,1","GT:PL:DP:SP:GQ","0/1:30,0,162:10:0:28"
"RS013006.snp.csv","UTR5","SEPT6","","","","","","0.59","rs17261138","","","","","","","","","","","","","chrX","118827317","118827317","A","C","het","chrX","118827317",".","A","C","45",".","DP=8;VDB=0.0237;AF1=0.5;AC1=1;DP4=2,1,1,4;MQ=44;FQ=45;PV4=0.46,0.006,1,0.32","GT:PL:DP:SP:GQ","0/1:75,0,75:8:3:75"
"RS013008.indel.csv","intronic","IL6ST","","","","","","","","","","","","","","","","","","","","chr5","55243445","55243445","-","AAAAA","hom","chr5","55243420",".","Taaaaaaaaaaaaaaaaaaaaaaaaa","TAAAAAaaaaaaaaaaaaaaaaaaaaaaaaa","3.66",".","INDEL;DP=12;VDB=0.0245;AF1=1;AC1=2;DP4=0,0,1,1;MQ=37;FQ=-40.5","GT:PL:DP:SP:GQ","1/1:40,6,0:2:0:4"
"RS013008.indel.csv","exonic","MN1","nonframeshift deletion","MN1:NM_002430:exon1:c.910_912del:p.304_304del","559;Name=lod=249","","","","","","","","","","","","","","","","","chr22","28195620","28195622","CTG","-","het","chr22","28195602",".","Atgctgctgctgctgctgctg","Atgctgctgctgctgctg","19.5",".","INDEL;DP=14;VDB=0.0109;AF1=0.5;AC1=1;DP4=8,4,1,1;MQ=48;FQ=22.5;PV4=1,6.1e-05,1,1","GT:PL:DP:SP:GQ","0/1:57,0,255:14:0:60"
"RS013008.snp.csv","UTR5","TOE1","","","","","","0.99","rs3219468","","","","","","","","","","","","","chr1","45805566","45805566","G","C","hom","chr1","45805566",".","G","C","99",".","DP=9;VDB=0.0227;AF1=1;AC1=2;DP4=0,0,7,2;MQ=47;FQ=-54","GT:PL:DP:SP:GQ","1/1:132,27,0:9:0:51"
"RS013008.snp.csv","exonic","KIT","synonymous SNV","KIT:NM_000222:exon14:c.A2050C:p.R684R,KIT:NM_001093772:exon14:c.A2038C:p.R680R","605;Name=lod=385","","","","","","","","","","","","","","","","","chr4","55595560","55595560","A","C","het","chr4","55595560",".","A","C","3.54",".","DP=4;VDB=0.0104;AF1=0.4998;AC1=1;DP4=1,1,1,1;MQ=49;FQ=5.17;PV4=1,0.2,0.048,1","GT:PL:DP:SP:GQ","0/1:31,0,41:4:0:30"
"RS013008.snp.csv","intronic","JAZF1","","","683;Name=lod=797","","","0.01","rs200463135","","","","","","","","","","","","","chr7","28220074","28220074","C","G","het","chr7","28220074",".","C","G","35",".","DP=11;VDB=0.0069;AF1=0.5;AC1=1;DP4=3,0,4,2;MQ=42;FQ=30.2;PV4=0.5,0.0021,1,1","GT:PL:DP:SP:GQ","0/1:65,0,58:9:3:60"
"RS013008.snp.csv","UTR5","XPA","","","","","0.746960","0.65","rs1800975","","","","","","","","","","","","","chr9","100459578","100459578","T","C","hom","chr9","100459578",".","T","C","64.5",".","DP=4;VDB=0.0002;AF1=1;AC1=2;DP4=0,0,2,2;MQ=41;FQ=-39","GT:PL:DP:SP:GQ","1/1:97,12,0:4:0:21"
"RS013008.snp.csv","exonic","MLLT1","synonymous SNV","MLLT1:NM_005934:exon6:c.G876A:p.S292S","","","","","","","","","","","","","","","","","","chr19","6222366","6222366","C","T","het","chr19","6222366",".","C","T","15.1",".","DP=10;VDB=0.0109;AF1=0.5;AC1=1;DP4=0,8,1,1;MQ=47;FQ=18.1;PV4=0.2,1,0.27,0.32","GT:PL:DP:SP:GQ","0/1:45,0,138:10:0:48"
"RS013009.indel.csv","exonic","MAML2","nonframeshift deletion","MAML2:NM_032427:exon2:c.1780_1788del:p.594_596del","414;Name=lod=64","","","","","","","","","","","","","","","","","chr11","95825407","95825415","CTGCTGCTG","-","hom","chr11","95825374",".","ttgctgctgctgctgctgctgctgctgctgctgctgctgctg","ttgctgctgctgctgctgctgctgctgctgctg","214",".","INDEL;DP=128;VDB=0.0205;AF1=1;AC1=2;DP4=1,0,36,59;MQ=46;FQ=-290;PV4=0.39,1,0.5,0.39","GT:PL:DP:SP:GQ","1/1:255,255,0:96:0:99"
"RS013009.indel.csv","UTR3","EP300","","","729;Name=lod=1220","","","","","","","","","","","","","","","","","chr22","41574973","41574975","GTA","-","het","chr22","41574969",".","TGTAGTA","TGTA","3.8",".","INDEL;DP=68;VDB=0.0205;AF1=0.5;AC1=1;DP4=25,32,2,3;MQ=48;FQ=5.8;PV4=1,0.019,1,0.052","GT:PL:DP:SP:GQ","0/1:39,0,255:62:0:38"
"RS013009.snp.csv","exonic","PIK3CA","nonsynonymous SNV","PIK3CA:NM_006218:exon21:c.A3140G:p.H1047R","779;Name=lod=1951","","","","","0.06","0.999213","C","0.0","T","0.995","D","1.0","D","0.999923","D","5.73","chr3","178952085","178952085","A","G","het","chr3","178952085",".","A","G","70",".","DP=95;VDB=0.0132;AF1=0.5;AC1=1;DP4=31,48,7,7;MQ=48;FQ=73;PV4=0.56,1,0.0015,1","GT:PL:DP:SP:GQ","0/1:100,0,255:93:3:99"
"RS013009.snp.csv","exonic","TLX3","synonymous SNV","TLX3:NM_021025:exon1:c.C363T:p.G121G","639;Name=lod=529","","","","","","","","","","","","","","","","","chr5","170736732","170736732","C","T","het","chr5","170736732",".","C","T","16.1",".","DP=8;VDB=0.0042;AF1=0.5;AC1=1;DP4=4,2,1,1;MQ=47;FQ=19.1;PV4=1,1,0.081,1","GT:PL:DP:SP:GQ","0/1:46,0,148:8:0:49"
"RS013009.snp.csv","intronic","TCEA1","","","","","","","","","","","","","","","","","","","","chr8","54897087","54897087","C","A","het","chr8","54897087",".","C","A","6.2",".","DP=9;VDB=0.0075;AF1=0.4999;AC1=1;DP4=3,3,1,1;MQ=49;FQ=8.65;PV4=1,0.11,1,0.29","GT:PL:DP:SP:GQ","0/1:35,0,154:8:0:36"
"RS013009.snp.csv","exonic","ABI1","nonsynonymous SNV","ABI1:NM_001178125:exon4:c.A448T:p.M150L,ABI1:NM_001012752:exon5:c.A625T:p.M209L,ABI1:NM_001178121:exon5:c.A625T:p.M209L,ABI1:NM_001178124:exon5:c.A625T:p.M209L,ABI1:NM_001012750:exon6:c.A640T:p.M214L,ABI1:NM_001012751:exon6:c.A640T:p.M214L,ABI1:NM_001178119:exon6:c.A640T:p.M214L,ABI1:NM_001178120:exon6:c.A640T:p.M214L,ABI1:NM_001178122:exon6:c.A640T:p.M214L,ABI1:NM_001178123:exon6:c.A640T:p.M214L,ABI1:NM_005470:exon6:c.A640T:p.M214L,ABI1:NM_001178116:exon7:c.A691T:p.M231L","542;Name=lod=212","","","","","0.01","0.998306","C","0.91","T","0.769","P","1.0","D","0.997313","D","5.49","chr10","27057860","27057860","T","A","het","chr10","27057860",".","T","A","55",".","DP=41;VDB=0.0216;AF1=0.5;AC1=1;DP4=12,16,5,7;MQ=49;FQ=58;PV4=1,4.2e-13,1,1","GT:PL:DP:SP:GQ","0/1:85,0,255:40:0:88"
"RS013009.snp.csv","exonic","KAT6B","stopgain SNV","KAT6B:NM_001256468:exon3:c.A286T:p.R96X,KAT6B:NM_001256469:exon3:c.A286T:p.R96X,KAT6B:NM_012330:exon3:c.A286T:p.R96X","703;Name=lod=959","","","","","0.88","0.999218","C","0.903833","NA","0.735132","NA","0.998302","N","1.0","A","5.74","chr10","76602901","76602901","A","T","het","chr10","76602901",".","A","T","115",".","DP=92;VDB=0.0264;AF1=0.5;AC1=1;DP4=29,33,14,15;MQ=48;FQ=118;PV4=1,7.9e-28,0.28,0.011","GT:PL:DP:SP:GQ","0/1:145,0,255:91:0:99"
"RS013009.snp.csv","UTR5","ERG","","","716;Name=lod=1082","","0.887513","0.88","rs2836441","","","","","","","","","","","","","chr21","39870310","39870310","G","A","het","chr21","39870310",".","G","A","118",".","DP=26;VDB=0.0193;AF1=0.5;AC1=1;DP4=8,4,8,6;MQ=48;FQ=121;PV4=0.7,2.6e-05,1,1","GT:PL:DP:SP:GQ","0/1:148,0,208:26:2:99"
"RS013009.snp.csv","exonic","MKL1","synonymous SNV","MKL1:NM_020831:exon12:c.G1848A:p.P616P","","","0.217347","0.17","rs56211152","","","","","","","","","","","","","chr22","40814594","40814594","C","T","het","chr22","40814594",".","C","T","38.1",".","DP=5;VDB=0.0162;AF1=0.505;AC1=1;DP4=0,1,1,3;MQ=46;FQ=-10.4;PV4=1,0.032,1,1","GT:PL:DP:SP:GQ","0/1:68,0,17:5:0:20"
"RS013009.snp.csv","exonic","NONO","nonsynonymous SNV","NONO:NM_001145410:exon9:c.A934G:p.M312V,NONO:NM_001145409:exon10:c.A1201G:p.M401V,NONO:NM_007363:exon11:c.A1201G:p.M401V,NONO:NM_001145408:exon12:c.A1201G:p.M401V","614;Name=lod=417","","","","","0.3","0.974357","C","0.59","T","0.282","P","0.996311","N","0.850793","D","2.27","chrX","70518586","70518586","A","G","het","chrX","70518586",".","A","G","197",".","DP=19;VDB=0.0227;AF1=0.5;AC1=1;DP4=2,3,9,4;MQ=46;FQ=67;PV4=0.33,1,0.35,1","GT:PL:DP:SP:GQ","0/1:227,0,94:18:5:97"
"RS121403.snp.csv","exonic","RPN1","synonymous SNV","RPN1:NM_002950:exon1:c.G240T:p.R80R","510;Name=lod=157","","","","","","","","","","","","","","","","","chr3","128369404","128369404","C","A","het","chr3","128369404",".","C","A","7.8",".","DP=5;VDB=0.0125;AF1=0.5;AC1=1;DP4=3,0,1,1;MQ=47;FQ=10.4;PV4=0.4,0.074,1,1","GT:PL:DP:SP:GQ","0/1:37,0,72:5:0:39"
"RS121403.snp.csv","UTR3","HMGA1","","","","0.97","","0.97","rs2780219","1","","","","","","","","","","","","chr6","34212743","34212743","A","G","hom","chr6","34212743",".","A","G","75.3",".","DP=8;VDB=0.0267;AF1=1;AC1=2;DP4=0,0,3,2;MQ=44;FQ=-42","GT:PL:DP:SP:GQ","1/1:108,15,0:5:0:27"
"RS121403.snp.csv","UTR5","XPA","","","","","0.746960","0.65","rs1800975","","","","","","","","","","","","","chr9","100459578","100459578","T","C","het","chr9","100459578",".","T","C","7.8",".","DP=4;VDB=0.0132;AF1=0.5;AC1=1;DP4=1,1,0,2;MQ=45;FQ=9.72;PV4=1,0.37,0.22,1","GT:PL:DP:SP:GQ","0/1:37,0,44:4:0:38"
"RS121403.snp.csv","intronic","ETV4","","","","","0.236695","0.26","rs2271959","","","","","","","","","","","","","chr17","41622740","41622740","G","T","het","chr17","41622740",".","G","T","20",".","DP=4;VDB=0.0104;AF1=0.5;AC1=1;DP4=1,1,0,2;MQ=44;FQ=20.5;PV4=1,1,0.14,1","GT:PL:DP:SP:GQ","0/1:50,0,51:4:0:50"
"RS121403.snp.csv","exonic","BCL2","nonsynonymous SNV","BCL2:NM_000633:exon3:c.C714A:p.H238Q","558;Name=lod=247","","","","","0.57","0.957345","C","0.38","T","0.728","P","0.988975","N","0.863781","D","2.92","chr18","60795864","60795864","G","T","het","chr18","60795864",".","G","T","6.2",".","DP=4;VDB=0.0088;AF1=0.4999;AC1=1;DP4=2,0,1,1;MQ=47;FQ=8.56;PV4=1,0.14,1,1","GT:PL:DP:SP:GQ","0/1:35,0,51:4:0:36"
"RS121403.snp.csv","exonic","SH3GL1","synonymous SNV","SH3GL1:NM_001199943:exon7:c.C627G:p.P209P,SH3GL1:NM_001199944:exon8:c.C579G:p.P193P,SH3GL1:NM_003025:exon8:c.C771G:p.P257P","477;Name=lod=116","","0.302091","0.39","rs243261","","","","","","","","","","","","","chr19","4362691","4362691","G","C","het","chr19","4362691",".","G","C","64",".","DP=19;VDB=0.0244;AF1=0.5;AC1=1;DP4=5,6,4,4;MQ=47;FQ=67;PV4=1,0.00019,0.28,0.21","GT:PL:DP:SP:GQ","0/1:94,0,212:19:0:97"
"RS121403.snp.csv","intronic","SH3GL1","","","","","0.166290","0.15","rs62129356","","","","","","","","","","","","","chr19","4400314","4400314","C","T","het","chr19","4400314",".","C","T","48",".","DP=7;VDB=0.0041;AF1=0.5;AC1=1;DP4=2,2,1,2;MQ=46;FQ=50.2;PV4=1,1,0.065,1","GT:PL:DP:SP:GQ","0/1:78,0,85:7:0:80"
"RS121403.snp.csv","exonic","JAK3","stopgain SNV","JAK3:NM_000215:exon24:c.G3343T:p.E1115X","","","","","","0","0.009999","N","0.731945","NA","0.267155","NA","0.611495","NA","0.200056","NA","-3.59","chr19","17937584","17937584","C","A","het","chr19","17937584",".","C","A","20",".","DP=5;VDB=0.0130;AF1=0.5;AC1=1;DP4=3,0,1,1;MQ=48;FQ=23;PV4=0.4,0.26,0.0057,0.023","GT:PL:DP:SP:GQ","0/1:50,0,76:5:0:53"
"RS121403.snp.csv","exonic","JAK3","nonsynonymous SNV","JAK3:NM_000215:exon23:c.C3124T:p.R1042W","","","","","","0.01","0.839687","N","0.98","D","0.961","D","0.788909","N","0.638983","NA","-1.08","chr19","17941000","17941000","G","A","het","chr19","17941000",".","G","A","10.4",".","DP=9;VDB=0.0106;AF1=0.5;AC1=1;DP4=3,4,1,1;MQ=44;FQ=13.2;PV4=1,0.1,0.28,1","GT:PL:DP:SP:GQ","0/1:40,0,183:9:0:42"
"RS121403.snp.csv","exonic","GATA1","synonymous SNV","GATA1:NM_002049:exon6:c.C1176A:p.G392G","","","","","","","","","","","","","","","","","","chrX","48652505","48652505","C","A","het","chrX","48652505",".","C","A","4.77",".","DP=14;VDB=0.0115;AF1=0.4999;AC1=1;DP4=4,8,1,1;MQ=49;FQ=6.99;PV4=1,1,0.0022,0.0054","GT:PL:DP:SP:GQ","0/1:33,0,228:14:0:33"
"RS121403.snp.csv","UTR5","SEPT6","","","","","","0.59","rs17261138","","","","","","","","","","","","","chrX","118827317","118827317","A","C","hom","chrX","118827317",".","A","C","84.1",".","DP=6;VDB=0.0216;AF1=1;AC1=2;DP4=0,0,3,3;MQ=44;FQ=-45","GT:PL:DP:SP:GQ","1/1:117,18,0:6:0:33"
"RS121404.indel.csv","intronic","FH","","","","","","","","","","","","","","","","","","","","chr1","241663903","241663903","-","TG","het","chr1","241663900",".","agtg","aGTgtg","22.5",".","INDEL;DP=53;VDB=0.0193;AF1=0.5;AC1=1;DP4=10,13,2,4;MQ=47;FQ=25.5;PV4=1,0.22,1,1","GT:PL:DP:SP:GQ","0/1:60,0,255:29:0:63"
"RS121404.snp.csv","exonic","PAX7","synonymous SNV","PAX7:NM_001135254:exon6:c.A879G:p.P293P,PAX7:NM_002584:exon6:c.A879G:p.P293P,PAX7:NM_013945:exon6:c.A873G:p.P291P","","","0.372059","0.44","rs2743201","","","","","","","","","","","","","chr1","19027239","19027239","A","G","hom","chr1","19027239",".","A","G","74.5",".","DP=4;VDB=0.0054;AF1=1;AC1=2;DP4=0,0,0,4;MQ=40;FQ=-39","GT:PL:DP:SP:GQ","1/1:107,12,0:4:0:21"
"RS121404.snp.csv","exonic","PMS1","nonsynonymous SNV","PMS1:NM_001128143:exon7:c.C751A:p.R251S,PMS1:NM_000534:exon8:c.C868A:p.R290S,PMS1:NM_001128144:exon8:c.C868A:p.R290S","589;Name=lod=329","","","","","0","0.998639","C","0.91","T","0.733","P","0.999997","D","1.0E-6","N","4.55","chr2","190718710","190718710","C","A","het","chr2","190718710",".","C","A","4.77",".","DP=16;VDB=0.0062;AF1=0.4999;AC1=1;DP4=7,4,1,1;MQ=45;FQ=6.99;PV4=1,0.45,1,0.18","GT:PL:DP:SP:GQ","0/1:33,0,226:13:0:33"
"RS121404.snp.csv","intronic","PPARG","","","","","","","","","","","","","","","","","","","","chr3","12475387","12475387","G","T","het","chr3","12475387",".","G","T","40",".","DP=27;VDB=0.0269;AF1=0.5;AC1=1;DP4=18,0,9,0;MQ=48;FQ=43;PV4=1,0.052,1,1","GT:PL:DP:SP:GQ","0/1:70,0,153:27:0:73"
"RS121404.snp.csv","exonic","NPM1","synonymous SNV","NPM1:NM_001037738:exon4:c.C273A:p.G91G,NPM1:NM_002520:exon4:c.C273A:p.G91G,NPM1:NM_199185:exon4:c.C273A:p.G91G","583;Name=lod=313","","","","","","","","","","","","","","","","","chr5","170818724","170818724","C","A","het","chr5","170818724",".","C","A","3.01",".","DP=9;VDB=0.0120;AF1=0.4997;AC1=1;DP4=2,4,1,1;MQ=49;FQ=4.77;PV4=1,0.016,0.057,0.037","GT:PL:DP:SP:GQ","0/1:30,0,161:8:0:28"
"RS121404.snp.csv","exonic","NCOA2","nonsynonymous SNV","NCOA2:NM_006540:exon4:c.T208C:p.C70R","730;Name=lod=1234","","","","","0","","","","","","","","","","","","chr8","71126189","71126189","A","G","het","chr8","71126189",".","A","G","21",".","DP=9;VDB=0.0129;AF1=0.5;AC1=1;DP4=3,4,1,1;MQ=49;FQ=24;PV4=1,1,0.00016,1","GT:PL:DP:SP:GQ","0/1:51,0,173:9:0:54"
"RS121404.snp.csv","exonic","PTEN","stopgain SNV","PTEN:NM_000314:exon8:c.C892T:p.Q298X","748;Name=lod=1465","","","","","0.81","0.998134","C","0.903721","NA","0.73523","NA","0.99987","D","1.0","A","4.78","chr10","89720741","89720741","C","T","het","chr10","89720741",".","C","T","120",".","DP=26;VDB=0.0069;AF1=0.5;AC1=1;DP4=9,4,8,5;MQ=45;FQ=123;PV4=1,5.4e-09,0.17,0.08","GT:PL:DP:SP:GQ","0/1:150,0,235:26:0:99"
"RS121404.snp.csv","exonic","BCL11B","synonymous SNV","BCL11B:NM_022898:exon3:c.G600C:p.P200P,BCL11B:NM_138576:exon4:c.G813C:p.P271P","","","0.164511","0.25","rs1152783","","","","","","","","","","","","","chr14","99642360","99642360","C","G","het","chr14","99642360",".","C","G","7.8",".","DP=5;VDB=0.0145;AF1=0.5;AC1=1;DP4=2,0,3,0;MQ=46;FQ=10.4;PV4=1,3.4e-05,0.21,1","GT:PL:DP:SP:GQ","0/1:37,0,56:5:0:39"
"RS121404.snp.csv","exonic","SOCS1","nonsynonymous SNV","SOCS1:NM_003745:exon2:c.C359T:p.A120V","677;Name=lod=753","","","","","0.05","0.894082","N","0.87","T","0.019","B","0.921785","N","0.9304","D","3.51","chr16","11348977","11348977","G","A","het","chr16","11348977",".","G","A","98",".","DP=17;VDB=0.0264;AF1=0.5;AC1=1;DP4=4,3,6,3;MQ=46;FQ=101;PV4=1,0.052,1,0.11","GT:PL:DP:SP:GQ","0/1:128,0,137:16:0:99"
"RS121404.snp.csv","exonic","TP53","nonsynonymous SNV","TP53:NM_001126115:exon3:c.G315A:p.M105I,TP53:NM_001126116:exon3:c.G315A:p.M105I,TP53:NM_001126117:exon3:c.G315A:p.M105I,TP53:NM_001126118:exon6:c.G594A:p.M198I,TP53:NM_000546:exon7:c.G711A:p.M237I,TP53:NM_001126112:exon7:c.G711A:p.M237I,TP53:NM_001126113:exon7:c.G711A:p.M237I,TP53:NM_001126114:exon7:c.G711A:p.M237I","536;Name=lod=201","","","","","0","0.979252","C","1.0","D","0.999","D","1.0","D","0.999957","D","3.05","chr17","7577570","7577570","C","T","het","chr17","7577570",".","C","T","225",".","DP=78;VDB=0.0144;AF1=0.5;AC1=1;DP4=17,26,17,18;MQ=46;FQ=225;PV4=0.49,1,3.3e-08,1","GT:PL:DP:SP:GQ","0/1:255,0,255:78:3:99"
"RS121404.snp.csv","exonic","TP53","nonsynonymous SNV","TP53:NM_001126118:exon3:c.C98G:p.P33R,TP53:NM_000546:exon4:c.C215G:p.P72R,TP53:NM_001126112:exon4:c.C215G:p.P72R,TP53:NM_001126113:exon4:c.C215G:p.P72R,TP53:NM_001126114:exon4:c.C215G:p.P72R","","","0.630037","0.60","rs1042522","0.26","0.991129","C","0.55","T","0.044","B","0.185427","U","0.038498","P","1.82","chr17","7579472","7579472","G","C","het","chr17","7579472",".","G","C","32",".","DP=13;VDB=0.0109;AF1=0.5;AC1=1;DP4=4,3,4,2;MQ=49;FQ=35;PV4=1,0.0033,0.25,1","GT:PL:DP:SP:GQ","0/1:62,0,142:13:0:65"
"RS121404.snp.csv","exonic","MLLT6","synonymous SNV","MLLT6:NM_005937:exon10:c.C1566T:p.S522S","","","0.115178","0.10","rs9892493","","","","","","","","","","","","","chr17","36873149","36873149","C","T","hom","chr17","36873149",".","C","T","72.3",".","DP=5;VDB=0.0088;AF1=1;AC1=2;DP4=0,0,1,4;MQ=41;FQ=-42","GT:PL:DP:SP:GQ","1/1:105,15,0:5:0:27"
"RS121404.snp.csv","splicing","JAK3(NM_000215:exon14:c.1702-2A>T)","","","317;Name=lod=26","","","","","","","","","","","","","","","","","chr19","17948024","17948024","T","A","het","chr19","17948024",".","T","A","8.64",".","DP=39;VDB=0.0069;AF1=0.5;AC1=1;DP4=22,7,3,1;MQ=46;FQ=11.3;PV4=1,1,0.35,0.36","GT:PL:DP:SP:GQ","0/1:38,0,255:33:0:40"
"RS121404.snp.csv","intronic","TFPT","","","","","0.514297","0.46","rs254263","","","","","","","","","","","","","chr19","54611560","54611560","C","G","het","chr19","54611560",".","C","G","31",".","DP=10;VDB=0.0040;AF1=0.5;AC1=1;DP4=4,1,5,0;MQ=48;FQ=34;PV4=1,0.0054,0.31,1","GT:PL:DP:SP:GQ","0/1:61,0,109:10:0:64"
"RS121404.snp.csv","exonic","RUNX1","nonsynonymous SNV","RUNX1:NM_001754:exon3:c.A64G:p.I22V","","","","","","0.9","0.001596","N","1.0","D","0.301183","NA","0.239587","N","1.9E-5","N","-7.03","chr21","36265255","36265255","T","C","het","chr21","36265255",".","T","C","6.2",".","DP=12;VDB=0.0132;AF1=0.4999;AC1=1;DP4=7,2,1,1;MQ=46;FQ=8.65;PV4=0.49,0.36,0.0027,1","GT:PL:DP:SP:GQ","0/1:35,0,189:11:3:36"
"RS121404.snp.csv","intronic","MKL1","","","","","0.063894","0.12","rs2072857","","","","","","","","","","","","","chr22","40816841","40816841","G","A","het","chr22","40816841",".","G","A","19.1",".","DP=7;VDB=0.0129;AF1=0.5;AC1=1;DP4=3,0,3,0;MQ=41;FQ=21.6;PV4=1,0.26,1,0.19","GT:PL:DP:SP:GQ","0/1:49,0,59:6:0:52"
"RS121405.indel.csv","UTR5","ARNT","","","480;Name=lod=119","","","","","","","","","","","","","","","","","chr1","150849081","150849082","CC","-","hom","chr1","150849071",".","ACCCCCCCCCCC","ACCCCCCCCC","58.5",".","INDEL;DP=8;VDB=0.0078;AF1=1;AC1=2;DP4=0,0,6,2;MQ=44;FQ=-58.5","GT:PL:DP:SP:GQ","1/1:99,24,0:8:0:45"
"RS121405.snp.csv","exonic","PBX1","nonsynonymous SNV","PBX1:NM_001204961:exon1:c.G61A:p.G21S,PBX1:NM_001204963:exon1:c.G61A:p.G21S,PBX1:NM_002585:exon1:c.G61A:p.G21S","758;Name=lod=1600","","0.138099","0.30","rs2275558","0.12","0.999353","C","0.88","T","0.0","B","0.999997","D","0.0","N","4.83","chr1","164529120","164529120","G","A","hom","chr1","164529120",".","G","A","74.3",".","DP=5;VDB=0.0193;AF1=1;AC1=2;DP4=0,0,4,1;MQ=44;FQ=-42","GT:PL:DP:SP:GQ","1/1:107,15,0:5:0:27"
"RS121405.snp.csv","UTR5","XPA","","","","","0.746960","0.65","rs1800975","","","","","","","","","","","","","chr9","100459578","100459578","T","C","hom","chr9","100459578",".","T","C","82.3",".","DP=6;VDB=0.0185;AF1=1;AC1=2;DP4=0,0,3,2;MQ=42;FQ=-42","GT:PL:DP:SP:GQ","1/1:115,15,0:5:0:27"
"RS121405.snp.csv","exonic","HOXC13","nonsynonymous SNV","HOXC13:NM_017410:exon1:c.A425T:p.Q142L","800;Name=lod=2380","","","","","0.35","0.994642","C","0.08","T","0.999","D","0.999911","D","0.985351","D","2.82","chr12","54333115","54333115","A","T","het","chr12","54333115",".","A","T","4.77",".","DP=14;VDB=0.0093;AF1=0.4999;AC1=1;DP4=5,5,1,1;MQ=46;FQ=6.99;PV4=1,1,1e-05,1","GT:PL:DP:SP:GQ","0/1:33,0,212:12:0:33"
"RS121405.snp.csv","intronic","HMGA2","","","","","","0.35","rs10878345","","","","","","","","","","","","","chr12","66308644","66308644","A","G","het","chr12","66308644",".","A","G","14.2",".","DP=5;VDB=0.0054;AF1=0.5016;AC1=1;DP4=1,0,4,0;MQ=49;FQ=-6.2;PV4=1,0.002,1,0.34","GT:PL:DP:SP:GQ","0/1:44,0,22:5:0:25"
"RS121405.snp.csv","intronic","ETV4","","","","","0.236695","0.26","rs2271959","","","","","","","","","","","","","chr17","41622740","41622740","G","T","het","chr17","41622740",".","G","T","33",".","DP=4;VDB=0.0109;AF1=0.5;AC1=1;DP4=1,1,1,1;MQ=46;FQ=19;PV4=1,1,0.13,1","GT:PL:DP:SP:GQ","0/1:63,0,46:4:0:49"
"RS121405.snp.csv","exonic","NF2","nonsynonymous SNV","NF2:NM_181828:exon2:c.A236T:p.Q79L,NF2:NM_000268:exon3:c.A362T:p.Q121L,NF2:NM_016418:exon3:c.A362T:p.Q121L,NF2:NM_181825:exon3:c.A362T:p.Q121L,NF2:NM_181832:exon3:c.A362T:p.Q121L,NF2:NM_181833:exon3:c.A362T:p.Q121L","506;Name=lod=152","","","","","0.01","0.998806","C","0.96","D","0.813","P","1.0","D","1.0","D","5.33","chr22","30035200","30035200","A","T","het","chr22","30035200",".","A","T","3.54",".","DP=135;VDB=0.0120;AF1=0.4998;AC1=1;DP4=50,66,8,9;MQ=48;FQ=5.47;PV4=0.8,0.29,4.1e-07,1","GT:PL:DP:SP:GQ","0/1:31,0,251:133:1:30"
"RS121409.indel.csv","exonic","RET","nonframeshift deletion","RET:NM_020630:exon1:c.56_58del:p.19_20del,RET:NM_020975:exon1:c.56_58del:p.19_20del","395;Name=lod=54","","","","","","","","","","","","","","","","","chr10","43572762","43572764","TGC","-","het","chr10","43572749",".","ttgctgctgctgctgc","ttgctgctgctgc","10.8",".","INDEL;DP=12;VDB=0.0264;AF1=0.5;AC1=1;DP4=6,4,1,1;MQ=46;FQ=13.7;PV4=1,0.025,0.13,0.044","GT:PL:DP:SP:GQ","0/1:48,0,255:12:0:50"
"RS121409.indel.csv","intronic","WAS","","","","","","","","","","","","","","","","","","","","chrX","48542823","48542823","-","CC","hom","chrX","48542816",".","ACCCCCCC","ACCCCCCCCC","32.4",".","INDEL;DP=11;VDB=0.0244;AF1=1;AC1=2;DP4=0,0,0,3;MQ=44;FQ=-43.5","GT:PL:DP:SP:GQ","1/1:72,9,0:3:0:16"
"RS121409.snp.csv","exonic","PBX1","nonsynonymous SNV","PBX1:NM_001204961:exon1:c.G61A:p.G21S,PBX1:NM_001204963:exon1:c.G61A:p.G21S,PBX1:NM_002585:exon1:c.G61A:p.G21S","758;Name=lod=1600","","0.138099","0.30","rs2275558","0.12","0.999353","C","0.88","T","0.0","B","0.999997","D","0.0","N","4.83","chr1","164529120","164529120","G","A","het","chr1","164529120",".","G","A","33",".","DP=4;VDB=0.0124;AF1=0.501;AC1=1;DP4=0,1,1,2;MQ=47;FQ=-4.76;PV4=1,0.061,0.21,1","GT:PL:DP:SP:GQ","0/1:63,0,24:4:0:27"
"RS121409.snp.csv","UTR3","HMGA1","","","","0.97","","0.97","rs2780219","1","","","","","","","","","","","","chr6","34212743","34212743","A","G","hom","chr6","34212743",".","A","G","37",".","DP=6;VDB=0.0144;AF1=1;AC1=2;DP4=0,0,2,1;MQ=45;FQ=-36","GT:PL:DP:SP:GQ","1/1:69,9,0:3:0:16"
"RS121409.snp.csv","exonic","PTCH1","nonsynonymous SNV","PTCH1:NM_000264:exon23:c.C3944T:p.P1315L,PTCH1:NM_001083602:exon23:c.C3746T:p.P1249L,PTCH1:NM_001083603:exon23:c.C3941T:p.P1314L,PTCH1:NM_001083604:exon23:c.C3491T:p.P1164L,PTCH1:NM_001083605:exon23:c.C3491T:p.P1164L,PTCH1:NM_001083606:exon23:c.C3491T:p.P1164L,PTCH1:NM_001083607:exon23:c.C3491T:p.P1164L","602;Name=lod=374","","0.299252","0.38","rs357564","0.08","0.999397","C","1.0","D","0.999","D","1.0","D","0.999952","P","4.37","chr9","98209594","98209594","G","A","het","chr9","98209594",".","G","A","21.1",".","DP=5;VDB=0.0224;AF1=0.5102;AC1=1;DP4=0,1,0,3;MQ=48;FQ=-13.2;PV4=1,0.24,0.31,1","GT:PL:DP:SP:GQ","0/1:51,0,14:4:0:17"
"RS121409.snp.csv","UTR5","XPA","","","","","0.746960","0.65","rs1800975","","","","","","","","","","","","","chr9","100459578","100459578","T","C","hom","chr9","100459578",".","T","C","99.1",".","DP=7;VDB=0.0053;AF1=1;AC1=2;DP4=0,0,4,3;MQ=48;FQ=-48","GT:PL:DP:SP:GQ","1/1:132,21,0:7:0:39"
"RS121409.snp.csv","exonic","GAS7","synonymous SNV","GAS7:NM_201433:exon1:c.G96A:p.L32L","666;Name=lod=679","","","","","","","","","","","","","","","","","chr17","10101612","10101612","C","T","het","chr17","10101612",".","C","T","3.54",".","DP=6;VDB=0.0078;AF1=0.4998;AC1=1;DP4=2,2,1,1;MQ=46;FQ=5.47;PV4=1,0.068,1,1","GT:PL:DP:SP:GQ","0/1:31,0,113:6:0:30"
"RS121409.snp.csv","exonic","TAF15","synonymous SNV","TAF15:NM_003487:exon15:c.A1278G:p.G426G,TAF15:NM_139215:exon15:c.A1287G:p.G429G","470;Name=lod=108","","0.136937","0.16","rs4251785","","","","","","","","","","","","","chr17","34171590","34171590","A","G","het","chr17","34171590",".","A","G","26",".","DP=18;VDB=0.0267;AF1=0.5;AC1=1;DP4=2,9,2,3;MQ=44;FQ=29;PV4=0.55,2.8e-05,0.18,1","GT:PL:DP:SP:GQ","0/1:56,0,193:16:3:59"
"RS121409.snp.csv","intronic","ERBB2","","","","","","","","","","","","","","","","","","","","chr17","37871619","37871619","T","G","het","chr17","37871619",".","T","G","145",".","DP=44;VDB=0.0109;AF1=0.5;AC1=1;DP4=22,8,8,5;MQ=48;FQ=148;PV4=0.49,0.044,8.7e-06,1","GT:PL:DP:SP:GQ","0/1:175,0,255:43:3:99"
"RS121409.snp.csv","exonic","ERBB2","nonsynonymous SNV","ERBB2:NM_004448:exon27:c.C3508G:p.P1170A,ERBB2:NM_001005862:exon30:c.C3418G:p.P1140A","514;Name=lod=163","","0.513532","0.49","rs61552325","0.02","0.957443","C","0.91","T","0.983","D","0.891931","NA","0.14059","P","2.9","chr17","37884037","37884037","C","G","hom","chr17","37884037",".","C","G","58",".","DP=11;VDB=0.0270;AF1=1;AC1=2;DP4=0,0,8,1;MQ=50;FQ=-54","GT:PL:DP:SP:GQ","1/1:91,27,0:9:0:51"
"RS121409.snp.csv","intronic","ETV4","","","","","0.236695","0.26","rs2271959","","","","","","","","","","","","","chr17","41622740","41622740","G","T","het","chr17","41622740",".","G","T","19.1",".","DP=5;VDB=0.0152;AF1=0.5;AC1=1;DP4=0,2,1,1;MQ=43;FQ=21.6;PV4=1,1,0.18,1","GT:PL:DP:SP:GQ","0/1:49,0,59:4:0:52"
"RS121409.snp.csv","exonic","EWSR1","nonsynonymous SNV","EWSR1:NM_001163286:exon6:c.A469G:p.T157A,EWSR1:NM_001163285:exon7:c.A637G:p.T213A,EWSR1:NM_001163287:exon7:c.A637G:p.T213A,EWSR1:NM_005243:exon7:c.A637G:p.T213A,EWSR1:NM_013986:exon8:c.A655G:p.T219A","693;Name=lod=872","","","","","0","0.998721","C","0.71","T","0.530738","NA","0.991146","U","0.582281","D","5.27","chr22","29682967","29682967","A","G","het","chr22","29682967",".","A","G","225",".","DP=90;VDB=0.0144;AF1=0.5;AC1=1;DP4=34,18,23,9;MQ=48;FQ=225;PV4=0.63,1,3.3e-08,1","GT:PL:DP:SP:GQ","0/1:255,0,255:84:2:99"